{"epoch": 10, "train_loss": 1.370881199836731, "valid_ARR": 1.285628080368042, "_timestamp": 1721920721.2433043, "_runtime": 60.05965614318848, "_step": 9, "_wandb": {"runtime": 336}}