{"epoch": 10, "train_loss": 1.1818170547485352, "valid_ARR": 1.2556205662814053, "_timestamp": 1721867134.0609388, "_runtime": 39.550392866134644, "_step": 9, "_wandb": {"runtime": 49}}