{"epoch": 10, "train_loss": 1.065208911895752, "valid_ARR": 1.2929271459579468, "_timestamp": 1721965948.475911, "_runtime": 61.26884078979492, "_step": 9, "_wandb": {"runtime": 450}}