{"epoch": 10, "train_loss": 1.15976881980896, "valid_ARR": 1.2488462924957275, "_timestamp": 1721967174.673439, "_runtime": 73.95039105415344, "_step": 10, "Total_Return": -16.133153927015186, "Sharp Ratio": -104.76948860286862, "Volatility": 0.011843307166641039, "Max Drawdown": 16.133153927015098, "Calmar Ratio": -1.0901120843251946, "Sortino Ratio": -98.77859673195276, "_wandb": {"runtime": 73}}