{"epoch": 10, "train_loss": 1.1068488359451294, "valid_ARR": 1.3029489517211914, "_timestamp": 1721921096.2571976, "_runtime": 64.45727252960205, "_step": 9, "_wandb": {"runtime": 456}}