{"epoch": 10, "train_loss": 1.098813772201538, "valid_ARR": 1.2806936502456665, "_timestamp": 1721920115.3733828, "_runtime": 62.65715289115906, "_step": 9, "_wandb": {"runtime": 79}}