{"epoch": 10, "train_loss": 1.1767138242721558, "valid_ARR": 1.3353973627090454, "_timestamp": 1721967304.0765584, "_runtime": 82.04808735847473, "_step": 10, "Total_Return": -44.85114580889788, "Sharp Ratio": -0.07250143429569707, "Volatility": 6.772553776845286, "Max Drawdown": 72.20263147077563, "Calmar Ratio": -0.0963891793644692, "Sortino Ratio": -0.10584549659459899, "_wandb": {"runtime": 81}}