{"epoch": 10, "train_loss": 1.2239525318145752, "valid_ARR": 1.2554981166666204, "_timestamp": 1721969241.597746, "_runtime": 92.19232392311096, "_step": 10, "Total_Return": -15.979132002062569, "Sharp Ratio": -108.65438284739064, "Volatility": 0.011300814087895274, "Max Drawdown": 15.979132002062485, "Calmar Ratio": -1.0891468180014363, "Sortino Ratio": -102.44134632673955, "_wandb": {"runtime": 91}}