{"epoch": 10, "train_loss": 1.1259303092956543, "valid_ARR": 1.3013559037988836, "_timestamp": 1721966999.7293596, "_runtime": 56.17844772338867, "_step": 9, "_wandb": {"runtime": 133}}