{"epoch": 10, "train_loss": 1.0521974563598633, "valid_ARR": 1.1548375541513616, "_timestamp": 1721969619.532213, "_runtime": 112.26821708679199, "_step": 10, "Total_Return": -15.340073555234412, "Sharp Ratio": -130.26928668167204, "Volatility": 0.009015689342955107, "Max Drawdown": 15.340073555234323, "Calmar Ratio": -1.085166206550098, "Sortino Ratio": -122.82027436884412, "_wandb": {"runtime": 111}}