{"epoch": 10, "train_loss": 1.3370404243469238, "valid_ARR": 1.3714370727539062, "_timestamp": 1721965003.3142507, "_runtime": 61.10871362686157, "_step": 9}