{"epoch": 10, "train_loss": 1.0988383293151855, "valid_ARR": 1.2583071860400112, "_timestamp": 1721865510.2881312, "_runtime": 62.51603317260742, "_step": 9, "_wandb": {"runtime": 84}}