{"epoch": 10, "train_loss": 1.0279444456100464, "valid_ARR": 1.256670355796814, "_timestamp": 1721920330.1593611, "_runtime": 128.77873516082764, "_step": 10, "Total_Return": -16.17002268399068, "Sharp Ratio": -102.57871650326659, "Volatility": 0.012126458727176947, "Max Drawdown": 16.170022683990595, "Calmar Ratio": -1.0903432269351034, "Sortino Ratio": -96.71309658831323, "_wandb": {"runtime": 128}}