{"epoch": 10, "train_loss": 1.108817458152771, "valid_ARR": 1.3212459087371826, "_timestamp": 1721966531.7964382, "_runtime": 163.21183609962463, "_step": 10, "Total_Return": -75.10688781596616, "Sharp Ratio": -0.4943277419494553, "Volatility": 8.391538983551387, "Max Drawdown": 85.38347043981956, "Calmar Ratio": -0.6885968723374923, "Sortino Ratio": -0.7977612660536187, "_wandb": {"runtime": 162}}