{"epoch": 10, "train_loss": 1.1528180837631226, "valid_ARR": 1.3332145105708728, "_timestamp": 1721966885.2957163, "_runtime": 55.27488422393799, "_step": 9, "_wandb": {"runtime": 91}}