{"epoch": 10, "train_loss": 1.0704134702682495, "valid_ARR": 1.28021240234375, "_timestamp": 1721920548.3089867, "_runtime": 62.071168661117554, "_step": 9, "_wandb": {"runtime": 138}}