{"epoch": 10, "train_loss": 1.4887956380844116, "valid_ARR": 1.2680343389511108, "_timestamp": 1721965585.0697079, "_runtime": 63.06200385093689, "_step": 9, "_wandb": {"runtime": 336}}