{"epoch": 10, "train_loss": 1.1397831439971924, "valid_ARR": 1.0981869047338313, "_timestamp": 1721970322.9634345, "_runtime": 115.43856644630432, "_step": 10, "Total_Return": -15.604999066319625, "Sharp Ratio": -119.09455114254433, "Volatility": 0.010047162187395854, "Max Drawdown": 15.604999066319536, "Calmar Ratio": -1.0868115309338287, "Sortino Ratio": -112.28452860808024, "_wandb": {"runtime": 114}}