{"epoch": 10, "train_loss": 1.1887967586517334, "valid_ARR": 1.2513905330137773, "_timestamp": 1721966658.0073712, "_runtime": 57.93406915664673, "_step": 9, "_wandb": {"runtime": 200}}