{"epoch": 10, "train_loss": 1.150688886642456, "valid_ARR": 1.3005558252334595, "_timestamp": 1721921582.9618342, "_runtime": 63.624760150909424, "_step": 9, "_wandb": {"runtime": 43177}}