{"epoch": 10, "train_loss": 1.2354321479797363, "valid_ARR": 1.238785982131958, "_timestamp": 1721964791.0593789, "_runtime": 61.32656693458557, "_step": 9, "_wandb": {"runtime": 182}}