{"epoch": 10, "train_loss": 0.9848268628120422, "valid_ARR": 1.1373742493716152, "_timestamp": 1721970164.1762137, "_runtime": 128.45758080482483, "_step": 10, "Total_Return": -15.408564812821934, "Sharp Ratio": -134.62220796192662, "Volatility": 0.008766560162874535, "Max Drawdown": 15.408564812821846, "Calmar Ratio": -1.0855916149524873, "Sortino Ratio": -126.92428844281581, "_wandb": {"runtime": 127}}