{"epoch": 10, "train_loss": 1.1012701988220215, "valid_ARR": 1.3255757743662053, "_timestamp": 1721969779.7743862, "_runtime": 120.31931018829346, "_step": 10, "Total_Return": -15.812965263913359, "Sharp Ratio": -137.6430932279549, "Volatility": 0.008819606565324234, "Max Drawdown": 15.81296526391327, "Calmar Ratio": -1.0881106446648316, "Sortino Ratio": -129.77243451515696, "_wandb": {"runtime": 119}}